{
    "colliders": [
        {
            "type": "BoxCollider",
            "center": {
                "x": 1.889001727104187,
                "y": 1.3416616916656495,
                "z": -1.256941795349121
            },
            "size": {
                "x": 0.13379669189453126,
                "y": 3.6006927490234377,
                "z": 9.075752258300782
            },
            "radius": 0.0,
            "height": 0.0
        },
        {
            "type": "BoxCollider",
            "center": {
                "x": -1.816198468208313,
                "y": 1.505827784538269,
                "z": -1.256941795349121
            },
            "size": {
                "x": 0.11839485168457031,
                "y": 3.929025411605835,
                "z": 9.075752258300782
            },
            "radius": 0.0,
            "height": 0.0
        },
        {
            "type": "BoxCollider",
            "center": {
                "x": -0.031061291694641115,
                "y": 1.505827784538269,
                "z": 2.7247352600097658
            },
            "size": {
                "x": 3.688669204711914,
                "y": 3.929025411605835,
                "z": 0.21613693237304688
            },
            "radius": 0.0,
            "height": 0.0
        },
        {
            "type": "BoxCollider",
            "center": {
                "x": 0.03298366069793701,
                "y": 1.505827784538269,
                "z": -3.5226616859436037
            },
            "size": {
                "x": 3.8167591094970705,
                "y": 3.929025411605835,
                "z": 1.0538110733032227
            },
            "radius": 0.0,
            "height": 0.0
        },
        {
            "type": "BoxCollider",
            "center": {
                "x": -0.5033508539199829,
                "y": 0.10391223430633545,
                "z": 0.3846379518508911
            },
            "size": {
                "x": 2.7440900802612306,
                "y": 1.1251943111419678,
                "z": 1.080090045928955
            },
            "radius": 0.0,
            "height": 0.0
        },
        {
            "type": "BoxCollider",
            "center": {
                "x": -1.5012179613113404,
                "y": 1.505827784538269,
                "z": 2.096743583679199
            },
            "size": {
                "x": 0.7483558654785156,
                "y": 3.929025411605835,
                "z": 2.3683810234069826
            },
            "radius": 0.0,
            "height": 0.0
        },
        {
            "type": "BoxCollider",
            "center": {
                "x": -0.0047103166580200199,
                "y": -0.07064735889434815,
                "z": -1.7222034931182862
            },
            "size": {
                "x": 1.2025680541992188,
                "y": 0.7760751247406006,
                "z": 0.7474112510681152
            },
            "radius": 0.0,
            "height": 0.0
        },
        {
            "type": "BoxCollider",
            "center": {
                "x": 0.2917498052120209,
                "y": -0.19651305675506593,
                "z": -2.167733669281006
            },
            "size": {
                "x": 0.35680198669433596,
                "y": 0.524343729019165,
                "z": 0.1990194320678711
            },
            "radius": 0.0,
            "height": 0.0
        },
        {
            "type": "BoxCollider",
            "center": {
                "x": 0.2937673032283783,
                "y": -0.19651305675506593,
                "z": -1.097427248954773
            },
            "size": {
                "x": 0.37101078033447268,
                "y": 0.524343729019165,
                "z": 0.43996763229370119
            },
            "radius": 0.0,
            "height": 0.0
        },
        {
            "type": "BoxCollider",
            "center": {
                "x": -1.3011823892593384,
                "y": 1.2567192316055298,
                "z": -0.2292860746383667
            },
            "size": {
                "x": 0.9460000991821289,
                "y": 3.4308083057403566,
                "z": 0.8804259300231934
            },
            "radius": 0.0,
            "height": 0.0
        },
        {
            "type": "BoxCollider",
            "center": {
                "x": -1.5714846849441529,
                "y": 0.13088643550872804,
                "z": -2.3095293045043947
            },
            "size": {
                "x": 0.6078224182128906,
                "y": 1.179142713546753,
                "z": 0.3878898620605469
            },
            "radius": 0.0,
            "height": 0.0
        },
        {
            "type": "BoxCollider",
            "center": {
                "x": 0.03298366069793701,
                "y": -0.45868492126464846,
                "z": -1.256941795349121
            },
            "size": {
                "x": 3.8167591094970705,
                "y": 0.0,
                "z": 9.075752258300782
            },
            "radius": 0.0,
            "height": 0.0
        }
    ]
}